"Joining Report","","",""
"","","",""
"#","Username","Email","Joining Date"
"1","admin","admin@gmail.com",""
"2","faz-level1","vipindass2682@gmail.com","2017-08-30 10:35:58"
"3","level11","vipindas2682@gmail.com","2017-08-30 10:39:15"
"4","level2","vipindasdf2682@gmail.com","2017-08-30 10:52:55"
"5","level21","vipindas2ww682@gmail.com","2017-08-30 10:54:38"
"6","level22","asasas@sasa.sasas","2017-08-30 16:16:16"
"7","level3","asasas@sasa.sasas","2017-08-30 16:21:25"
"8","level31","asasas@sasa.sasas","2017-08-30 16:22:07"
"9","level32","asasas@sasa.sasas","2017-08-30 16:24:12"
"10","level4","asasas@sasa.sasas","2017-08-30 16:26:16"
"11","level41","asasas@sasa.sasas","2017-08-30 16:31:10"
"12","level42","sdfghj@gy.gfh","2017-09-03 06:36:16"
"13","level5","ghjj@gmail.com","2017-09-03 06:45:39"
"14","level51","ghjj@gmail.com","2017-09-03 06:45:42"
"15","level6","dgfdg@jgfj.gjf","2017-09-03 06:50:56"
"16","level61","dgfdg@jgfj.gjf","2017-09-03 06:50:59"
"17","level7","dgfdg@jgfj.gjf","2017-09-03 06:51:50"
"18","level71","dgfdg@jgfj.gjf","2017-09-03 06:51:50"
"19","level8","yhtfgyr@hgf.hgj","2017-09-03 10:50:35"
"20","level81","yhtfgyr@hgf.hgj","2017-09-03 10:50:35"
"21","level9","gur@hk.ghh","2017-09-03 11:21:47"
"22","level91","ufgjfg@gf.ghgf","2017-09-03 11:23:22"
"23","level92","ufgjfg@gf.ghgf","2017-09-03 11:23:22"
"24","level10","hfghfgj@hgj.hj","2017-09-03 11:27:13"
"25","level01","hfghfgj@hgj.hj","2017-09-03 11:27:13"
"26","level102","dfgh@hgfh.gjfg","2017-09-03 11:41:03"
"27","level111","dfgh@hgfh.gjfg","2017-09-03 11:41:03"
"28","level112","hjkhljk@hfgh.dgdf","2017-09-03 11:59:00"
"29","level121","giuhoi@jgfj.ghfg","2017-09-03 12:53:54"
"30","level122","gjhjk@fhfg.hfg","2017-09-03 13:04:39"
"31","level123","ghfgf@jhg.dfg","2017-09-03 14:58:22"
"32","ABCFSg5R","superuser@superuser.com","2017-11-23 19:31:24"
"33","ABC92woT","fas@fd.gfd","2017-12-12 07:51:15"
"34","ABCo9dTe","gjhgjhg@Hjg.sdf","2017-12-12 08:00:28"
"35","company","getoncode@gmail.com","2017-12-24 00:00:00"
"36","ABCCfg8B","dg@dfg.dfg","2018-01-22 16:31:03"
"37","ABCYvcQY","dg@dfg.dfg","2018-01-22 16:35:27"
"38","ABCE5PKs","dg@dfg.dfg","2018-01-22 16:35:50"
"39","ABCfCvID","dg@dfg.dfg","2018-01-22 17:14:18"
"40","ABCiEWU3","dg@dfg.dfg","2018-01-22 17:14:37"
"41","ABCTtq0f","dg@dfg.dfg","2018-01-22 17:14:51"
"42","ABCsRavJ","testtest@gmail.com","2018-01-23 16:30:04"
"43","ABCfj1oL","testtest@gmail.com","2018-01-23 16:30:35"
"44","ABCFgQz3","testtest@gmail.com","2018-01-23 16:34:04"
"45","ABCCUuRD","testtesdt@gmail.com","2018-01-23 19:47:44"
"46","ABC1sFUd","testtesdt@gmail.com","2018-01-23 19:47:53"
"47","ABCfvcz3","fayi@gmail.com","2018-01-24 05:28:16"
"48","ABC7jtXf","dfgdfg@fh.dfg","2018-01-24 06:22:54"
"49","ABCMQFUN","hnhgghf@jhg.sdf","2018-01-24 07:07:35"
"50","ABC74VAP","hnhgghf@jhg.sdf","2018-01-24 07:08:35"
"51","ABCIYMN0","hnhgghf@jhg.sdf","2018-01-24 07:20:17"
"52","ABC7KJhq","hnhgghf@jhg.sdf","2018-01-24 07:31:27"
"53","ABCpxPVW","hnhgghf@jhg.sdf","2018-01-24 07:32:24"
"54","ABCPFXkP","hnhgghf@jhg.sdf","2018-01-24 07:40:17"
"55","ABC5gJp5","hnhgghf@jhg.sdf","2018-01-24 07:56:11"
"56","ABCgxZiu","hnhgghf@jhg.sdf","2018-01-24 07:56:18"
"57","ABC5oqGn","hnhgghf@jhg.sdf","2018-01-24 07:56:27"
"58","ABCvCe5J","hnhgghf@jhg.sdf","2018-01-24 08:08:14"
"59","ABCfwe18","hnhgghf@jhg.sdf","2018-01-24 08:08:21"
"60","ABC7Q1sm","testhgh@sdf.com","2018-01-28 14:29:52"
"61","ABCyS3Yd","testhgh@sdf.com","2018-01-28 14:30:03"
"62","ABCtybhx","testhgh@sdf.com","2018-01-28 14:36:25"
"63","ABCyjJTw","hgff@jhg.sdf","2018-01-28 18:48:08"
"64","ABCwZpCA","hgff@jhg.sdf","2018-01-28 18:49:26"
"65","ABC8pmqz","hgff@jhg.sdf","2018-01-28 18:58:41"
"66","ABCoZswc","hgff@jhg.sdf","2018-01-28 19:04:34"
"67","ABCxuY8B","hgff@jhg.sdf","2018-01-28 19:05:01"
"68","ABC5hVmZ","hgff@jhg.sdf","2018-01-28 19:05:32"
"69","ABC4YgIw","hjhhf@jhg.sdf","2018-01-28 19:10:55"
"70","ABCHBLDr","hhf@hgf.dfg","2018-01-28 19:50:56"
"71","ABCrXCNf","hhf@hgf.dfg","2018-01-28 19:51:13"
"72","ABCN0nCb","hhf@hgf.dfg","2018-01-28 19:52:36"
"73","ABCSnJ9R","fhg@gh.fgh","2018-01-29 09:54:51"
"74","ABC9ztL9","hjgjhg@jh.sdf","2018-01-29 11:24:37"
"75","ABCT8WHN","hjgjhg@jh.sdf","2018-01-29 11:39:24"
"76","ABCJWMQF","hjgjhg@jh.sdf","2018-01-29 11:41:10"
"77","ABCJb0mQ","hgfhgf@hg.df","2018-01-29 11:48:35"
"78","ABCyc87q","hgfhgf@hg.df","2018-01-29 12:07:22"
"79","ABCKdV4U","jhjhg@hjg.sdf","2018-01-29 12:26:12"
"80","ABCAkMR1","jhjhg@hjg.sdf","2018-01-29 12:26:49"
"81","ABCPC0zh","jhjhg@hjg.sdf","2018-01-29 12:40:19"
"82","ABCfWZGY","hgfhg@jhg.dfg","2018-01-29 12:47:55"
"83","ABCXSQtR","hgfhg@jhg.dfg","2018-01-29 12:48:20"
"84","ABCf8ZcL","hgfhg@jhg.dfg","2018-01-29 12:48:52"
"85","ABCgQaQo","ssasa@aadda.dad","2018-01-29 12:59:44"
"86","ABCMOFVZ","nvvnbnv@jgs.df","2018-01-29 16:56:51"
"87","ABCR8Max","nvvnbnv@jgs.df","2018-01-29 18:46:19"
"88","ABC8acFm","nvvnbnv@jgs.df","2018-01-29 18:57:25"
"89","ABCVviDE","fhd@DFG.DFG","2018-01-29 19:00:41"
"90","ABCzjoFy","jhgjhg@jhg.dfg","2018-01-30 14:50:23"
"91","ABC7upZK","jhgjhg@jhg.dfg","2018-01-30 14:51:29"
"92","ABCf2kR7","jhgjghhg@dfg.fg","2018-01-30 14:53:52"
"93","ABCbNTnb","dfgh@fgh.gfh","2018-01-30 15:03:01"
"94","ABCo17bi","dfghdg@fgh.fgh","2018-01-30 15:37:54"
"95","ABCpdp5g","jhgj@jh.dfg","2018-01-30 15:40:15"
"96","ABCd75VA","dsfgsdf@dfg.fgh","2018-01-30 15:41:44"
"97","ABCMzGpt","jhgjgh@Jhg.sdf","2018-03-03 05:17:23"
"98","ABCRAXoq","sdfgsdf@dfgh.fdgdf","2018-03-03 05:38:46"
"99","ABChIH8u","gdfhdfgh@fh.fhg","2018-03-03 05:49:20"
"100","ABCxn5rV","mngghj@sdf.sdf","2018-03-03 19:30:01"
"101","ABCj2wTA","asfdgasd@fgh.gfhf","2018-03-03 19:37:34"
"102","ABCKWTuj","sdfgd@fgh.dfgdf","2018-03-03 19:39:13"
"103","ABCUBMH4","sasa@sasa.sas","2018-03-04 13:51:30"
"104","ABC7pMZx","sasa@sasa.sas","2018-03-04 13:52:35"
"105","ABC1fbvi","sasa@sasa.sas","2018-03-04 13:52:42"
"106","ABCxEVyK","sasa@sasa.sas","2018-03-04 13:55:34"
"107","ABCkMGwH","sasa@sasa.sas","2018-03-04 13:56:20"
"108","ABCX13YB","sasa@sasa.sas","2018-03-04 13:56:34"
"109","ABCmhaiv","sasa@sasa.sas","2018-03-04 13:57:00"
"110","ABCjNNhZ","sasa@sasa.sas","2018-03-04 14:54:46"
"111","ABCaGNSq","sasa@sasa.sas","2018-03-04 14:56:41"
"112","ABC8dA1y","sasa@sasa.sas","2018-03-04 14:57:04"
"113","ABCxl2ic","sasa@sasa.sas","2018-03-04 14:58:13"
"114","ABCDbci9","sasa@sasa.sas","2018-03-04 14:59:57"
"115","ABCUlKmb","sasa@sasa.sas","2018-03-04 15:01:07"
"116","ABCjFMCs","sasa@sasa.sas","2018-03-04 15:44:49"
"117","ABCKwtYZ","sasa@sasa.sas","2018-03-04 15:46:23"
"118","ABCiLsu1","sasa@sasa.sas","2018-03-04 15:47:54"
"119","ABCdinqF","sasa@sasa.sas","2018-03-04 15:48:11"
"120","ABCLnvxf","sasa@sasa.sas","2018-03-04 15:50:07"
"121","ABCLWBHy","sasa@sasa.sas","2018-03-04 15:50:46"
"122","ABCAI7eh","sasa@sasa.sas","2018-03-04 15:51:01"
"123","ABC9KmDd","sasa@sasa.sas","2018-03-04 16:05:19"
"124","ABCVrCX6","sasa@adsd.ds","2018-03-04 18:40:27"
"125","ABCwJTGB","jhgjhg@jhg.sdf","2018-03-05 08:30:53"
"126","ABCDIAqI","jhgjhg@jhg.sdf","2018-03-05 09:13:57"
"127","ABCbttL6","jhgfhgf@hjgf.sdf","2018-03-10 09:36:32"
"128","ABCd9flL","jhgfhgf@hjgf.sdf","2018-03-10 09:37:46"
"129","ABCnbrdL","jhgfhgf@hjgf.sdf","2018-03-10 09:38:12"
"130","ABCbzQ9z","jhgfhgf@hjgf.sdf","2018-03-10 09:38:57"
"131","ABC6GAwt","jhgfhgf@hjgf.sdf","2018-03-10 09:41:58"
"132","ABChGahy","jhgfhgf@hjgf.sdf","2018-03-10 09:42:38"
"133","ABCkGZPg","jhgfhgf@hjgf.sdf","2018-03-10 09:45:00"
"134","ABCIa2ez","jhgfhgf@hjgf.sdf","2018-03-10 09:45:04"
"135","ABCWocJR","testtest@jh.asd","2018-03-11 06:05:30"
"136","ABCF8GKx","testtest@jh.asd","2018-03-11 06:12:37"
"137","ABCjlZSK","testtestd@df.fdg","2018-03-11 15:27:21"
"138","ABCvCbfE","testtestd@df.fdg","2018-03-11 15:28:05"
"139","ABCiTJeQ","testtestd@df.fdg","2018-03-11 15:28:31"
"140","ABCERkMC","12312@hjg.df","2018-03-11 17:20:37"
"141","ABC9kgGJ","12312@hjg.df","2018-03-11 17:24:21"
"142","","asdasd@dsfsdf.sdfs","2018-05-15 17:01:59"
